{"cameraMode":{"drawMode":0,"name":"Shaded","section":"Shading Mode"},"sceneLighting":true,"audioPlay":false,"sceneViewState":{"m_AlwaysRefresh":false,"showFog":true,"showSkybox":true,"showFlares":true,"showImageEffects":true,"showParticleSystems":true,"showVisualEffectGraphs":true,"m_FxEnabled":false},"in2DMode":false,"pivot":{"x":32.136024475097659,"y":10.680425643920899,"z":11.681767463684082},"rotation":{"x":0.03200724348425865,"y":-0.7199949026107788,"z":-0.03328045457601547,"w":-0.6924429535865784},"size":9.860794067382813,"orthographic":false}